{"cameraMode":{"drawMode":0,"name":"Shaded","section":"Shading Mode"},"sceneLighting":false,"audioPlay":false,"sceneViewState":{"showFog":true,"showMaterialUpdate":false,"showSkybox":true,"showFlares":true,"showImageEffects":true,"showParticleSystems":true},"in2DMode":false,"pivot":{"x":-309.42938232421877,"y":3.4823760986328127,"z":-47.3582763671875},"rotation":{"x":0.03764626756310463,"y":0.9284843802452087,"z":-0.3561885356903076,"w":0.0981333777308464},"size":69.03779602050781,"orthographic":false}